{"inputUnits":[34],"outputUnits":4,"inputs":{"0":{"dtype":"number","min":260.36554952539825,"max":346.7728147989117},"1":{"dtype":"number","min":146.72716905170842,"max":220.12006588946986},"2":{"dtype":"number","min":269.5196919125806,"max":358.85180237692157},"3":{"dtype":"number","min":133.1872606091926,"max":203.16795972534658},"4":{"dtype":"number","min":252.12278848492218,"max":336.62465967556847},"5":{"dtype":"number","min":139.2509585131931,"max":206.66719726087518},"6":{"dtype":"number","min":300.01256801738816,"max":372.62033306671026},"7":{"dtype":"number","min":123.08692071224465,"max":199.89482523402353},"8":{"dtype":"number","min":252.75910255046207,"max":322.71448513877067},"9":{"dtype":"number","min":145.54393723781007,"max":209.393328358691},"10":{"dtype":"number","min":341.29110848393424,"max":397.8002943046362},"11":{"dtype":"number","min":173.56690284343082,"max":239.78742220986214},"12":{"dtype":"number","min":261.474875364786,"max":344.7150370675766},"13":{"dtype":"number","min":197.28043522816222,"max":268.92830043451335},"14":{"dtype":"number","min":345.6625746196346,"max":453.20905158491917},"15":{"dtype":"number","min":79.05168941512648,"max":296.59765577501827},"16":{"dtype":"number","min":200.20425640655398,"max":310.5362811255548},"17":{"dtype":"number","min":151.4632193123784,"max":366.87779289275295},"18":{"dtype":"number","min":285.29760457198444,"max":452.95331665514044},"19":{"dtype":"number","min":53.069120770762396,"max":334.57136458459996},"20":{"dtype":"number","min":183.79192545256262,"max":289.8714141251976},"21":{"dtype":"number","min":57.15912221470697,"max":312.1542975874726},"22":{"dtype":"number","min":326.2984772322243,"max":434.45451996205844},"23":{"dtype":"number","min":371.115601535901,"max":471.92215381429355},"24":{"dtype":"number","min":268.48630318845755,"max":409.10736558966136},"25":{"dtype":"number","min":378.6502288937105,"max":477.300460718949},"26":{"dtype":"number","min":312.5192088561299,"max":408.49606050127676},"27":{"dtype":"number","min":501.17774221219906,"max":579.3830105673942},"28":{"dtype":"number","min":254.4301275706013,"max":425.1530711845665},"29":{"dtype":"number","min":504.1846617464889,"max":579.2016197828003},"30":{"dtype":"number","min":302.81696007873296,"max":402.6735767409032},"31":{"dtype":"number","min":491.62168272738325,"max":569.6182298474739},"32":{"dtype":"number","min":270.17614757968295,"max":434.7636282954235},"33":{"dtype":"number","min":490.398481198322,"max":571.6460089182575}},"outputs":{"0":{"dtype":"string","min":0,"max":1,"uniqueValues":["y","m","c","a"],"legend":{"y":[1,0,0,0],"m":[0,1,0,0],"c":[0,0,1,0],"a":[0,0,0,1]}}},"isNormalized":true}