{"inputUnits":[34],"outputUnits":4,"inputs":{"0":{"dtype":"number","min":204.4264435349849,"max":332.23838880512915},"1":{"dtype":"number","min":142.90925083569383,"max":272.45858770597283},"2":{"dtype":"number","min":218.82477297420388,"max":345.86514835469205},"3":{"dtype":"number","min":125.07845992000944,"max":259.99083996748595},"4":{"dtype":"number","min":183.68386103163454,"max":325.5269392284966},"5":{"dtype":"number","min":126.00317406607883,"max":263.2099602236385},"6":{"dtype":"number","min":236.70675623486613,"max":353.35122567635995},"7":{"dtype":"number","min":130.8656314009579,"max":261.8350192956757},"8":{"dtype":"number","min":156.9439135099712,"max":304.70140066760325},"9":{"dtype":"number","min":131.63907948990314,"max":268.0318969964516},"10":{"dtype":"number","min":249.85012835229347,"max":338.64746837355705},"11":{"dtype":"number","min":220.45985179105463,"max":300.65295079995315},"12":{"dtype":"number","min":106.29784894500791,"max":269.1830271819414},"13":{"dtype":"number","min":194.30620873880662,"max":301.34422540199915},"14":{"dtype":"number","min":251.13183807908442,"max":398.48736404210734},"15":{"dtype":"number","min":195.34934714988424,"max":381.73961914538404},"16":{"dtype":"number","min":56.922592252318616,"max":244.0003705535948},"17":{"dtype":"number","min":196.32894594069808,"max":307.35391598231143},"18":{"dtype":"number","min":244.15630913152563,"max":405.8568562587567},"19":{"dtype":"number","min":104.47409765529818,"max":394.1486586185924},"20":{"dtype":"number","min":70.47555726406402,"max":275.43299029909844},"21":{"dtype":"number","min":100.7057079887762,"max":388.3993351808068},"22":{"dtype":"number","min":192.89850543581719,"max":315.8347619486134},"23":{"dtype":"number","min":394.57983838652075,"max":475.07227698729514},"24":{"dtype":"number","min":110.9122846279925,"max":264.6894512213694},"25":{"dtype":"number","min":386.8775889376218,"max":469.9133372167397},"26":{"dtype":"number","min":172.74254871390715,"max":326.8092331319292},"27":{"dtype":"number","min":521.1627543785883,"max":566.8668607893975},"28":{"dtype":"number","min":84.30545977914078,"max":288.6097910622639},"29":{"dtype":"number","min":510.18820124992385,"max":559.4463559572691},"30":{"dtype":"number","min":156.63790756731237,"max":319.1735820881804},"31":{"dtype":"number","min":552.5610143352902,"max":560.5354294209917},"32":{"dtype":"number","min":101.50929694519637,"max":301.94915622763233},"33":{"dtype":"number","min":553.0918940791377,"max":559.973071806612}},"outputs":{"0":{"dtype":"string","min":0,"max":1,"uniqueValues":["y","m","c","a"],"legend":{"y":[1,0,0,0],"m":[0,1,0,0],"c":[0,0,1,0],"a":[0,0,0,1]}}},"isNormalized":true}